<?xml version="1.0" encoding="UTF-8"?>
<project-private xmlns="http://www.netbeans.org/ns/project-private/1">
    <editor-bookmarks xmlns="http://www.netbeans.org/ns/editor-bookmarks/2" lastBookmarkId="0"/>
    <open-files xmlns="http://www.netbeans.org/ns/projectui-open-files/2">
        <group>
            <file>file:/E:/Documents/MPLABXProjects/PIC24H_SD.X/main.c</file>
            <file>file:/E:/Documents/MPLABXProjects/PIC24H_SD.X/mcc_generated_files/fatfs/ffconf.h</file>
            <file>file:/E:/Documents/MPLABXProjects/PIC24H_SD.X/mcc_generated_files/system.c</file>
            <file>file:/E:/Documents/MPLABXProjects/PIC24H_SD.X/mcc_generated_files/fatfs/ff.h</file>
            <file>file:/E:/Documents/MPLABXProjects/PIC24H_SD.X/mcc_generated_files/drivers/spi_master.h</file>
            <file>file:/E:/Documents/MPLABXProjects/PIC24H_SD.X/mcc_generated_files/drivers/spi_master.c</file>
            <file>file:/E:/Documents/MPLABXProjects/PIC24H_SD.X/mcc_generated_files/sd_spi/sd_spi.c</file>
            <file>file:/E:/Documents/MPLABXProjects/PIC24H_SD.X/mcc_generated_files/fatfs/ff.c</file>
            <file>file:/E:/Documents/MPLABXProjects/PIC24H_SD.X/mcc_generated_files/fatfs/diskio.c</file>
            <file>file:/E:/Documents/MPLABXProjects/PIC24H_SD.X/mcc_generated_files/spi1_driver.c</file>
            <file>file:/E:/Documents/MPLABXProjects/PIC24H_SD.X/mcc_generated_files/interrupt_manager.c</file>
            <file>file:/E:/Documents/MPLABXProjects/PIC24H_SD.X/mcc_generated_files/fatfs/diskio.h</file>
            <file>file:/E:/Documents/MPLABXProjects/PIC24H_SD.X/mcc_generated_files/interrupt_manager.h</file>
        </group>
    </open-files>
</project-private>
