<?xml version="1.0" encoding="UTF-8"?>
<project-private xmlns="http://www.netbeans.org/ns/project-private/1">
    <editor-bookmarks xmlns="http://www.netbeans.org/ns/editor-bookmarks/2" lastBookmarkId="0"/>
    <open-files xmlns="http://www.netbeans.org/ns/projectui-open-files/2">
        <group>
            <file>file:/C:/Users/kinca/Documents/ucf/code722/PIC24H_SD.X/main.c</file>
            <file>file:/C:/Users/kinca/Documents/ucf/code722/PIC24H_SD.X/mcc_generated_files/system.c</file>
            <file>file:/C:/Users/kinca/Documents/ucf/code722/PIC24H_SD.X/OLED/OLED.c</file>
        </group>
    </open-files>
</project-private>
